latitude,longitude,bright_ti4,scan,track,acq_date,acq_time,satellite,instrument,confidence,version,bright_ti5,frp,daynight,type
45.27881,-66.01747,298.66,0.54,0.42,2025-06-21,648,N20,VIIRS,n,2,284.78,0.96,N,2
45.28127,-66.0165,301.39,0.54,0.42,2025-06-21,648,N20,VIIRS,n,2,286.09,0.91,N,2
45.62056,-71.60526,301.26,0.39,0.36,2025-06-21,648,N20,VIIRS,n,2,284.07,0.66,N,2
48.42671,-71.17383,296.23,0.38,0.36,2025-06-21,648,N20,VIIRS,n,2,283.55,0.41,N,0
41.74905,-71.10885,297.31,0.41,0.37,2025-06-21,649,N20,VIIRS,n,2,286.67,0.33,N,2
43.24631,-70.95997,299.7,0.4,0.37,2025-06-21,649,N20,VIIRS,n,2,284.65,0.4,N,2
41.60443,-71.43192,325.04,0.58,0.7,2025-06-21,1632,N20,VIIRS,n,2,294.74,4.35,D,0
44.48351,-70.15157,327.06,0.42,0.61,2025-06-21,1633,N20,VIIRS,n,2,294.58,2.29,D,0
44.48518,-70.14977,329.33,0.42,0.61,2025-06-21,1633,N20,VIIRS,n,2,293.84,2.2,D,0
45.28291,-66.01063,326.96,0.51,0.49,2025-06-21,1633,N20,VIIRS,l,2,301.61,2.93,D,0
45.27956,-66.01453,300.74,0.39,0.36,2025-06-22,629,N20,VIIRS,n,2,284.68,1.81,N,2
45.28041,-66.01946,296.42,0.39,0.36,2025-06-22,629,N20,VIIRS,n,2,282.55,0.56,N,2
45.6207,-71.60644,302.27,0.47,0.48,2025-06-23,611,N20,VIIRS,n,2,287.36,0.59,N,2
45.6208,-71.60512,299.58,0.47,0.48,2025-06-23,611,N20,VIIRS,n,2,287.46,0.8,N,2
45.23428,-63.60347,306.33,0.5,0.41,2025-06-24,552,N20,VIIRS,n,2,283.29,1.28,N,0
45.70566,-71.46232,302.36,0.39,0.59,2025-06-24,552,N20,VIIRS,n,2,289.6,1.25,N,0
50.17115,-67.09786,297.78,0.35,0.57,2025-06-24,731,N20,VIIRS,n,2,276.9,0.16,N,0
41.60398,-71.43031,335.98,0.52,0.41,2025-06-24,1716,N20,VIIRS,l,2,306.36,9.75,D,0
45.29568,-63.70706,330.5,0.43,0.38,2025-06-24,1717,N20,VIIRS,n,2,296.01,3.31,D,0
48.18999,-64.9207,305.31,0.63,0.54,2025-06-25,712,N20,VIIRS,n,2,290.18,1.52,N,2
41.80365,-71.53062,306.35,0.47,0.48,2025-06-25,714,N20,VIIRS,n,2,295.57,1.04,N,0
48.9324,-56.07624,326.02,0.4,0.44,2025-06-25,1659,N20,VIIRS,l,2,299.17,3.87,D,0
48.93603,-56.08239,339.86,0.4,0.44,2025-06-25,1659,N20,VIIRS,n,2,302.52,4.58,D,0