latitude,longitude,brightness,scan,track,acq_date,acq_time,satellite,instrument,confidence,version,bright_t31,frp,daynight,type
44.9442,-64.7492,323.8,2,1.4,2025-09-29,1807,Aqua,MODIS,72,61.03,294.3,57,D,0
45.2591,-70.4165,300.8,4,1.9,2025-09-29,1807,Aqua,MODIS,36,61.03,288.6,19,D,0
46.2672,-68.1245,301.4,2.8,1.6,2025-09-29,1808,Aqua,MODIS,32,61.03,288.3,12,D,0
46.3123,-68.3003,300.2,2.8,1.6,2025-09-29,1808,Aqua,MODIS,25,61.03,288.5,10.2,D,0
44.9443,-64.7425,320.3,1.1,1.1,2025-09-30,47,Terra,MODIS,100,61.03,287.8,23.8,N,0
44.9466,-64.7286,310,1.1,1.1,2025-09-30,47,Terra,MODIS,79,61.03,287.8,13.4,N,0
44.9535,-64.7457,325.1,1.1,1.1,2025-09-30,47,Terra,MODIS,100,61.03,287.9,29.4,N,0
44.9558,-64.7318,344.3,1.1,1.1,2025-09-30,47,Terra,MODIS,100,61.03,289.4,62.9,N,0
44.9582,-64.7178,317.5,1.1,1.1,2025-09-30,47,Terra,MODIS,95,61.03,286.7,20.1,N,0
44.9504,-64.7281,304.7,1,1,2025-09-30,740,Aqua,MODIS,46,61.03,284.8,8.8,N,0
44.9522,-64.741,321.7,1,1,2025-09-30,740,Aqua,MODIS,100,61.03,286.4,23.5,N,0
44.9593,-64.7258,300.8,1,1,2025-09-30,740,Aqua,MODIS,25,61.03,282.3,6.7,N,0
44.9472,-64.7452,314.1,1.3,1.1,2025-09-30,1421,Terra,MODIS,65,61.03,291.9,17.8,D,0
44.9541,-64.7266,308.9,1.3,1.1,2025-09-30,1421,Terra,MODIS,46,61.03,291.6,11.7,D,0
45.0586,-64.7296,307.2,1.3,1.1,2025-09-30,1421,Terra,MODIS,65,61.03,292.6,8.9,D,0
44.9473,-64.7573,323.1,1,1,2025-09-30,1845,Aqua,MODIS,67,61.03,292.5,21.4,D,0
44.949,-64.7447,336.2,1,1,2025-09-30,1845,Aqua,MODIS,68,61.03,291.4,38,D,0
44.9507,-64.7322,344.5,1,1,2025-09-30,1845,Aqua,MODIS,83,61.03,289.4,51.8,D,0
44.9524,-64.7196,311.7,1,1,2025-09-30,1845,Aqua,MODIS,64,61.03,290.1,10.9,D,0